{
  "completed_at": "2026-04-29T12:59:44.384582+00:00",
  "duration_seconds": 0.4114143330079969,
  "rows_processed": 10490,
  "throughput_rows_per_second": 25497.41017359281
}