{
  "accepted": true,
  "completed_at": "2026-04-29T12:59:56.407018+00:00",
  "duration_seconds": 0.43795516598038375,
  "macro_f1": 0.7736922040873718,
  "rows_processed": 2249,
  "throughput_rows_per_second": 5135.228842353086
}