{
  "completed_at": "2026-04-29T12:59:43.155215+00:00",
  "duration_seconds": 0.055616124998778105,
  "feedback_rows_used": 0,
  "rows_processed": 10490,
  "throughput_rows_per_second": 188614.36319467542
}