{
  "completed_at": "2026-04-29T12:59:42.262154+00:00",
  "duration_seconds": 0.12784591698436998,
  "output_rows": 14987,
  "rejected_rows": 13,
  "rows_processed": 15000,
  "throughput_rows_per_second": 117328.73723166186
}