{
  "completed_at": "2026-04-29T12:59:42.729961+00:00",
  "duration_seconds": 0.014685999980429187,
  "invalid_rows": 0,
  "rows_processed": 0,
  "throughput_rows_per_second": 0.0,
  "valid_corrections": 0
}