{
  "completed_at": "2026-04-29T12:59:58.320401+00:00",
  "duration_seconds": 0.0906891250051558,
  "report_count": 13
}