{
  "completed_at": "2026-04-29T12:59:40.933938+00:00",
  "duration_seconds": 0.9634947919985279,
  "figures_generated": 4,
  "rows_processed": 15000,
  "throughput_rows_per_second": 15568.324940175617
}